des,orbit_id,jd,cd,dist,dist_min,dist_max,v_rel,v_inf,t_sigma_f,h,fullname,LD,key,group,rubin_new,H,D_est_km,pha,nobs
2021 VU12,14,2461347.929469409,2026-Nov-03 10:18,0.158365637277629,0.158364903852309,0.158366370704075,9.14265855936891,9.14081811532582,< 00:01,24.27,       (2021 VU12),61.631535189744454,2021 VU12,NEO Apollo,False,24.27,0.04802632455211684,N,7
363790,172,2461358.332236681,2026-Nov-13 19:58,0.0514486906961074,0.0514480020704691,0.0514493793256645,14.7324440967958,14.7289283705528,< 00:01,17.85,363790 (2005 JE46),20.022410452241097,363790,NEO Apollo,False,17.85,0.9235902751613072,Y,221
217628,91,2461372.616097634,2026-Nov-28 02:47,0.0707668780722559,0.0707666646516352,0.0707670914944454,17.7093056781347,17.7071794647019,< 00:01,16.68,217628 Lugh (1990 HA),27.540515803517074,217628,NEO Apollo,False,16.68,1.4,Y,26
504680,52,2461375.332202232,2026-Nov-30 19:58,0.147374342100437,0.147373294072898,0.147375390128144,15.4575734257073,15.4564037496742,< 00:01,19.78,504680 (2009 EO2),57.354026462858094,504680,NEO Apollo,False,19.78,0.3797338840474203,Y,53
2025 HD,11,2461329.539325013,2026-Oct-16 00:57,0.17158446393082,0.170978032898798,0.17219433497431,6.20464406486406,6.20214080959855,06:03,25.35,       (2025 HD),66.77593768796467,2025 HD,NEO Aten,False,25.35,0.029206488942913684,N,21
247517,132,2461619.504927704,2027-Aug-02 00:07,0.180460196399356,0.180459910822735,0.180460481976602,17.622649588719,17.6218117314349,< 00:01,19.59,247517 (2002 QY6),70.23012779746647,247517,NEO Aten,False,19.59,0.269,N,2
2021 NX,11,2461625.496277387,2027-Aug-07 23:55,0.0768651634528771,0.0768650410627421,0.0768652858431038,3.96642336681399,3.95767427489873,< 00:01,25.34,       (2021 NX),29.913800163014628,2021 NX,NEO Amor,False,25.34,0.029341299970642484,N,32
2021 RN1,17,2461646.586549178,2027-Aug-29 02:05,0.132025071621741,0.132024631115409,0.132025512128074,20.9499318578977,20.9489685096414,< 00:01,22.30,       (2021 RN1),51.38051402728953,2021 RN1,NEO Amor,False,22.3,0.11898147579246932,N,3
2019 OV3,13,2461740.960201482,2027-Dec-01 11:03,0.0868938675375462,0.0868705041880662,0.086917230893887,9.7351645738962,9.73201428628114,00:01,24.26,       (2019 OV3),33.81669500388381,2019 OV3,NEO Aten,False,24.26,0.04824800399409153,N,2
2025 UO9,4,2461743.104262345,2027-Dec-03 14:30,0.161106483998974,0.151414170012485,0.170876668455869,12.6440537156079,12.6427456320993,04:06,26.88,       (2025 UO9),62.69819708723762,2025 UO9,NEO Aten,False,26.88,0.014437079613845103,N,2
2021 TO57,14,2461770.574227912,2027-Dec-31 01:47,0.184684778852373,0.18468426962708,0.184685288086012,12.7488485677688,12.7477168723266,< 00:01,21.09,       (2021 TO57),71.87421869111562,2021 TO57,NEO Apollo,False,21.09,0.20772049622566757,N,33
31669,242,2461454.896854524,2027-Feb-18 09:31,0.156727462900024,0.156727274555532,0.156727651244695,10.642117598433,10.6405199846465,< 00:01,16.19, 31669 (1999 JT6),60.9940029350464,31669,NEO Apollo,False,16.19,1.98371533860206,Y,24
7341,469,2461427.626473281,2027-Jan-22 03:02,0.0681320358399961,0.0681320180841493,0.0681320535958429,8.70331154406131,8.69881696923803,< 00:01,16.96,  7341 (1991 VK),26.515107927487364,7341,NEO Apollo,False,16.96,0.982,Y,5
798412,64,2461436.996952862,2027-Jan-31 11:56,0.14887462451813,0.148874254971269,0.148874994065016,16.5458628347376,16.5447811107643,< 00:01,20.05,798412 (2012 ML6),57.93789497253044,798412,NEO Apollo,False,20.05,0.33533536051015045,N,9
2025 MN88,10,2461597.640842503,2027-Jul-11 03:23,0.0202028799149198,0.00751104461644617,0.0329399364758913,7.3682462368339,7.35032518853269,4_03:39,26.26,       (2025 MN88),7.862403270147108,2025 MN88,NEO Apollo,False,26.26,0.019207876354941596,N,2
2025 NT,4,2461600.295734196,2027-Jul-13 19:06,0.166515841793618,0.160976592377266,0.172099379750553,13.5610334270096,13.5598534245612,02:10,25.30,       (2025 NT),64.80336984444418,2025 NT,NEO Aten,False,25.3,0.02988679546440889,N,6
2025 PN7,8,2461604.651804407,2027-Jul-18 03:39,0.0436220389948899,0.0436216772370189,0.0436224007528948,2.23555644602679,2.20806488835678,< 00:01,26.41,       (2025 PN7),16.97649362310079,2025 PN7,NEO Apollo,False,26.41,0.017925833217426104,N,2
469737,75,2461610.109906094,2027-Jul-23 14:38,0.137946461934616,0.137946291571459,0.137946632298251,9.72581195764239,9.72382577002566,< 00:01,20.39,469737 (2005 NW44),53.68495570866506,469737,NEO Aten,False,20.39,0.28673410442541425,N,2
2023 YO1,21,2461586.733322572,2027-Jun-30 05:36,0.102895769905158,0.102895183608434,0.102896356201988,4.77287918360058,4.76745066361374,< 00:01,25.93,       (2023 YO1),40.044193758196194,2023 YO1,NEO Apollo,False,25.93,0.022360388834485857,N,2
535844,166,2461469.374339742,2027-Mar-04 20:59,0.0235812256428188,0.023581211238198,0.0235812400474529,8.02204472773422,8.00794720918733,< 00:01,21.89,535844 (2015 BY310),9.177162186231376,535844,NEO Apollo,False,21.89,0.14370747258356684,Y,16
2025 FZ28,14,2461533.132706256,2027-May-07 15:11,0.162155593129553,0.161579454055428,0.162732933571197,9.76324879375921,9.76156564111237,00:50,23.13,       (2025 FZ28),63.10648140579726,2025 FZ28,NEO Amor,False,23.13,0.08118566481928229,N,81
2025 NQ,3,2461540.512133861,2027-May-15 00:17,0.14967316263565,0.14666351224102,0.152682807910783,8.98062323831618,8.97864075344147,2_14:14,24.52,       (2025 NQ),58.248663968483825,2025 NQ,NEO Apollo,False,24.52,0.04280350681218988,N,15
2012 KA4,31,2461540.666255599,2027-May-15 03:59,0.11606203971983,0.116058325746658,0.116065753701954,29.2128547626686,29.2120688867153,< 00:01,21.16,       (2012 KA4),45.16814258541602,2012 KA4,NEO Apollo,False,21.16,0.20113115678691218,Y,3
223456,350,2461547.736896635,2027-May-22 05:41,0.104410781795293,0.104410740326789,0.104410823263808,4.0647807843236,4.05849780461432,< 00:01,18.29,223456 (2003 UB10),40.633794572014445,223456,NEO Amor,False,18.29,0.7541875370549558,N,27
2003 BR47,34,2461722.257106917,2027-Nov-12 18:10,0.178463606217082,0.178463083202507,0.17846412923255,10.0189323156625,10.0174420161784,< 00:01,21.53,       (2003 BR47),69.45311000374777,2003 BR47,NEO Apollo,False,21.53,0.16962089538773914,Y,3
2024 GG1,23,2461738.305492829,2027-Nov-28 19:20,0.0927392122503069,0.0927387625501366,0.092739661953461,9.62257139586747,9.61958515244414,< 00:01,22.14,       (2024 GG1),36.09154183652802,2024 GG1,NEO Apollo,False,22.14,0.12807941975693352,N,2
2021 VU12,14,2461709.071205392,2027-Oct-30 13:43,0.193520909152546,0.193520039824339,0.193521778481579,9.19229166423749,9.19079371860006,< 00:01,24.27,       (2021 VU12),75.31299672969715,2021 VU12,NEO Apollo,False,24.27,0.04802632455211684,N,7
2024 GY,10,2461660.043730889,2027-Sep-11 13:03,0.117887210946934,0.117851504373044,0.117922917584625,21.5546411943485,21.5535925808834,00:03,21.66,       (2024 GY),45.87844885288847,2024 GY,NEO Apollo,False,21.66,0.15976415671860078,Y,11
2025 QT4,6,2461664.378132293,2027-Sep-15 21:05,0.135599419087389,0.128800853508196,0.142497686105064,8.57426849344358,8.57197648876958,10:58,24.83,       (2025 QT4),52.771551410123195,2025 QT4,NEO Amor,False,24.83,0.037109008554925806,N,4
2025 OQ9,7,2461667.213843532,2027-Sep-18 17:08,0.198442772367114,0.198442159762994,0.198443384971517,13.0904712187444,13.0894454751667,< 00:01,22.15,       (2025 OQ9),77.22845005102576,2025 OQ9,NEO Aten,False,22.15,0.12749094827729188,N,3
2025 JD1,5,2461867.535562896,2028-Apr-06 00:51,0.0810770050674514,0.0773162411337439,0.0848435617033388,6.94663782443455,6.94190535343385,1_04:23,25.00,       (2025 JD1),31.552932673984767,2025 JD1,NEO Amor,False,25.0,0.034314632447397714,N,3
2017 JK2,12,2461987.193276194,2028-Aug-03 16:38,0.188939725130853,0.188938796122744,0.188940654150303,32.8531548082694,32.8527255537911,< 00:01,20.00,       (2017 JK2),73.53012634760351,2017 JK2,NEO Apollo,False,20.0,0.34314632447397714,N,16
2025 PN7,8,2461990.444433940,2028-Aug-06 22:40,0.0699975739912997,0.0699972766380316,0.0699978713460918,2.11156377758675,2.09345909137199,< 00:01,26.41,       (2025 PN7),27.241123887744678,2025 PN7,NEO Apollo,False,26.41,0.017925833217426104,N,2
2025 OB11,4,2462009.953239078,2028-Aug-26 10:53,0.18752867705878,0.134278636550585,0.240912712184373,10.5967002602875,10.5953593445253,4_19:47,24.83,       (2025 OB11),72.98098538240833,2025 OB11,NEO Amor,False,24.83,0.037109008554925806,N,4
2025 PR2,5,2462010.851133114,2028-Aug-27 08:26,0.179665495294055,0.161572491451461,0.19803428016559,11.5603655681447,11.5590826462741,1_02:16,23.90,       (2025 PR2),69.92085206076847,2025 PR2,NEO Amor,False,23.9,0.05694811474323343,N,5
876841,40,2462107.883898675,2028-Dec-02 09:13,0.115574938443085,0.115574429318368,0.115575447573052,13.5291199264514,13.5274157816561,< 00:01,20.96,876841 (2008 XB1),44.978576212339455,876841,NEO Apollo,False,20.96,0.22053592798190563,Y,86
2018 BE5,6,2462120.828973420,2028-Dec-15 07:54,0.191439642546205,0.19143387234704,0.191445412753695,9.27703019110188,9.27552979256015,00:02,24.5,       (2018 BE5),74.5030252087726,2018 BE5,NEO Apollo,False,24.5,0.04319956278440562,N,11
836411,68,2461807.393317719,2028-Feb-05 21:26,0.085138218372335,0.0851379175358833,0.0851385192121987,10.1186370300884,10.1155436579407,< 00:01,18.93,836411 (2012 QO10),33.13344480411433,836411,NEO Apollo,False,18.93,0.5616675731662333,N,4
2011 EO40,13,2461811.364008293,2028-Feb-09 20:44,0.073185354173864,0.0731801715052595,0.0731905373228318,15.2395936532422,15.2372044734366,< 00:01,21.88,       (2011 EO40),28.4817199531301,2011 EO40,NEO Apollo,False,21.88,0.14437079613845102,Y,2
2009 CA3,30,2461774.085029008,2028-Jan-03 14:02,0.115871165344162,0.115870027617139,0.115872303079167,12.7782095151779,12.776409825766,< 00:01,20.14,       (2009 CA3),45.093859546475066,2009 CA3,NEO Apollo,False,20.14,0.32172095664306094,N,2
2025 PM,10,2461778.447581959,2028-Jan-07 22:45,0.120181148208994,0.108580746168055,0.131846623318071,16.7963354616512,16.7950154476621,17:31,24.15,       (2025 PM),46.77118592337976,2025 PM,NEO Apollo,False,24.15,0.05075506068985489,N,4
2016 FH60,5,2461784.037343995,2028-Jan-13 12:54,0.113197746204009,0.113197171412095,0.113198320996855,8.78617927770721,8.78349985803175,< 00:01,23.14,       (2016 FH60),44.0534386026031,2016 FH60,NEO Apollo,False,23.14,0.08081265057239873,N,4
679885,43,2461793.829497076,2028-Jan-23 07:54,0.0850128795214578,0.0850121613313334,0.0850135977115823,14.5730374266865,14.5708865792805,< 00:01,21.18,679885 (2021 NQ5),33.08466638266336,679885,NEO Apollo,False,21.18,0.1992871752577086,Y,27
152964,171,2461795.719600309,2028-Jan-25 05:16,0.0955198177619052,0.0955196967583219,0.0955199387674431,10.9979613472988,10.9954247193719,< 00:01,17.80,152964 (2000 GP82),37.17367675785844,152964,NEO Apollo,False,17.8,0.788,N,17
2025 PU160,4,2461958.893676802,2028-Jul-06 09:27,0.128102008745305,0.1273039664089,0.128900108801234,2.94807088548271,2.94100707385868,05:27,24.84,       (2025 PU160),49.85376623100607,2025 PU160,NEO Amor,True,24.84,0.03693850814811724,N,16
2022 ER2,25,2461966.249331776,2028-Jul-13 17:59,0.113851885390591,0.113851096455503,0.113852674326981,11.9161567462783,11.914192609552,< 00:01,22.12,       (2022 ER2),44.30801151999769,2022 ER2,NEO Apollo,False,22.12,0.12926452403671213,N,4
2022 OE5,13,2461970.205764739,2028-Jul-17 16:56,0.0779214642789583,0.0779209786430882,0.07792194991567,8.00364188054466,7.99936838196795,< 00:01,23.76,       (2022 OE5),30.32488329097534,2022 OE5,NEO Amor,False,23.76,0.06074063829650825,N,4
438116,53,2461970.890611752,2028-Jul-18 09:22,0.160094895825699,0.160091167803571,0.160098623962437,33.5089774109922,33.508480730715,< 00:01,17.36,438116 (2005 NX44),62.30451488969479,438116,NEO Apollo,False,17.36,1.157389002580107,N,13
2006 SG7,23,2461925.988600166,2028-Jun-03 11:44,0.184103595569718,0.184100440139655,0.184106751005862,12.6478047291353,12.6466603904447,< 00:01,22.84,       (2006 SG7),71.64803819797082,2006 SG7,NEO Apollo,False,22.84,0.09278533741746185,N,2
2025 QD,6,2461933.950599274,2028-Jun-11 10:49,0.138458275596677,0.122083736517892,0.154896657492669,7.61516473120721,7.6126372600222,1_11:29,27.70,       (2025 QD),53.88413946005303,2025 QD,NEO Amor,False,27.7,0.009896448099650543,N,10
2025 MT347,2,2461941.660926076,2028-Jun-19 03:52,0.165267138778803,0.158215737067195,0.172343494090397,3.57354972469841,3.56903532067838,17:15,25.13,       (2025 MT347),64.31740909486443,2025 MT347,NEO Amor,True,25.13,0.03232059531070905,N,19
2025 PN7,8,2461946.420363639,2028-Jun-23 22:05,0.0723055912075624,0.072305250229149,0.0723059321887089,1.90918034444206,1.88978016746929,00:01,26.41,       (2025 PN7),28.139340487809623,2025 PN7,NEO Apollo,False,26.41,0.017925833217426104,N,2
887030,60,2461834.240063962,2028-Mar-03 17:46,0.100433430076026,0.100431599623025,0.100435260534051,15.5388178387256,15.5371104203659,< 00:01,18.18,887030 (2023 QF5),39.0859190564551,887030,NEO Apollo,False,18.18,0.7933765346944521,Y,2
2025 OD43,4,2461842.339600026,2028-Mar-11 20:09,0.0843188195409022,0.0826088162103667,0.0860812403679982,6.99452921274835,6.99000992831317,07:23,24.96,       (2025 OD43),32.81455739405483,2025 OD43,NEO Apollo,True,24.96,0.034952589095161676,N,15
674942,160,2461853.860660689,2028-Mar-23 08:39,0.148002988039041,0.148002827829196,0.148003148248962,12.6594967054183,12.6580745409359,< 00:01,19.72,674942 (2015 TX143),57.598678111744775,674942,NEO Apollo,False,19.72,0.39037262175161697,N,20
2021 TA8,21,2461902.110927216,2028-May-10 14:40,0.14299836892019,0.142997132819355,0.142999605021341,16.937411726841,16.936311585885,< 00:01,21.32,       (2021 TA8),55.65101847650455,2021 TA8,NEO Apollo,False,21.32,0.18684408398920668,Y,30
876653,49,2462085.641185366,2028-Nov-10 03:23,0.142904464647765,0.14290309878667,0.142905830512476,18.8013671891269,18.8003754702445,< 00:01,20.89,876653 (2008 UX),55.6144735254033,876653,NEO Aten,False,20.89,0.2277609950034873,N,2
837449,29,2462091.416181153,2028-Nov-15 21:59,0.170564023654055,0.170562653889097,0.170565393420632,14.9479605264432,14.9469154256815,< 00:01,18.36,837449 (2013 NJ10),66.37881049605865,837449,NEO Apollo,False,18.36,0.7302630915985243,Y,19
2019 OV3,13,2462102.661945158,2028-Nov-27 03:53,0.0770624111541831,0.0770316957087984,0.0770931265983412,14.6064978519503,14.6041305216342,00:03,24.26,       (2019 OV3),29.99056352439223,2019 OV3,NEO Aten,False,24.26,0.04824800399409153,N,2
2022 QD3,15,2462026.330834168,2028-Sep-11 19:56,0.155169554633826,0.155169370229766,0.155169739037886,10.8710609265576,10.8694812598395,< 00:01,25.20,       (2022 QD3),60.38770803559008,2022 QD3,NEO Amor,False,25.2,0.031295316740540716,N,3
2025 OS9,11,2462028.448221605,2028-Sep-13 22:45,0.191604014238605,0.175939160493098,0.207315025366917,7.78150822501904,7.77972093985484,1_14:55,24.78,       (2025 OS9),74.56699413485086,2025 OS9,NEO Amor,False,24.78,0.037973388404742035,N,12
2009 CS,34,2462035.317103194,2028-Sep-20 19:37,0.06074290325287,0.0607420804328782,0.0607437260784484,14.5940451793358,14.5910392009487,< 00:01,19.81,       (2009 CS),23.639461462169976,2009 CS,NEO Apollo,False,19.81,0.37452373983503195,Y,18
2017 QQ35,14,2462035.706573956,2028-Sep-21 04:57,0.153787384231284,0.153786996729065,0.153787771736833,13.6506490715638,13.6493797883509,< 00:01,21.94,       (2017 QQ35),59.84980546236232,2017 QQ35,NEO Aten,False,21.94,0.1404362911381483,N,6
2025 OW19,15,2462038.703851442,2028-Sep-24 04:54,0.0845896671808324,0.082694863123021,0.0864931010557836,7.52293307827226,7.51874486536885,10:26,23.48,       (2025 OW19),32.91996382021124,2025 OW19,NEO Amor,False,23.48,0.06910020748443957,N,9
247517,132,2462045.312805976,2028-Sep-30 19:30,0.186486736753985,0.186486375223847,0.186487098284525,25.2565358643643,25.2559701522384,< 00:01,19.59,247517 (2002 QY6),72.57549097298661,247517,NEO Aten,False,19.59,0.269,N,2
477719,39,2462045.447510893,2028-Sep-30 22:44,0.114846363706191,0.11484610551709,0.114846621895344,5.96767132330486,5.96378237882437,< 00:01,25.26,477719 (2010 SG15),44.69503503315977,477719,NEO Amor,False,25.26,0.030442432476581734,N,8
2025 NQ,3,2462241.152912962,2029-Apr-14 15:40,0.158174539293339,0.154748444701301,0.161613988978348,9.15320348713063,9.15136294260631,5_00:24,24.52,       (2025 NQ),61.557165128499335,2025 NQ,NEO Apollo,False,24.52,0.04280350681218988,N,15
2021 VU12,14,2462241.801880019,2029-Apr-15 07:15,0.191996226008482,0.191994394105365,0.191998057921181,9.94346984435631,9.94207407973554,< 00:01,24.27,       (2021 VU12),74.7196321307731,2021 VU12,NEO Apollo,False,24.27,0.04802632455211684,N,7
523585,131,2462254.143999414,2029-Apr-27 15:27,0.085912736382853,0.085912178897928,0.0859132938787953,9.59615544462769,9.5929230030647,< 00:01,18.68,523585 (1998 MW5),33.43486583736947,523585,NEO Apollo,False,18.68,0.6302013822755124,N,5
451157,67,2462257.256132287,2029-Apr-30 18:09,0.181487305347352,0.181486322515539,0.181488288179422,11.5736210748851,11.5723524867438,< 00:01,21.13,451157 (2009 SQ104),70.6298502521625,451157,NEO Apollo,False,21.13,0.2039291698926396,Y,2
2021 NX,11,2462356.615962416,2029-Aug-08 02:47,0.0773397784557914,0.0773396571424769,0.0773398997694005,3.92141423048062,3.91261886223973,< 00:01,25.34,       (2021 NX),30.098507222933275,2021 NX,NEO Amor,False,25.34,0.029341299970642484,N,32
886889,28,2462360.790302255,2029-Aug-12 06:58,0.184151337119954,0.184149342257675,0.184153332013542,17.8522565928244,17.8514460905861,< 00:01,21.57,886889 (2021 VP6),71.66661789167183,886889,NEO Apollo,False,21.57,0.16652496514012088,N,2
2021 RN1,17,2462375.919921723,2029-Aug-27 10:05,0.159661789434736,0.159661209335892,0.159662369533579,20.8021237018887,20.8013214475686,< 00:01,22.30,       (2021 RN1),62.13596183592375,2021 RN1,NEO Amor,False,22.3,0.11898147579246932,N,3
2025 PN7,8,2462378.189417194,2029-Aug-29 16:33,0.0910985327867762,0.0910984129049925,0.091098652668565,2.58450496570459,2.57316328109455,< 00:01,26.41,       (2025 PN7),35.45303467152723,2025 PN7,NEO Apollo,False,26.41,0.017925833217426104,N,2
2021 PJ1,13,2462380.308020944,2029-Aug-31 19:24,0.111176491187696,0.111175350011566,0.111177632363889,6.65114322401053,6.6475389252448,< 00:01,25.78,       (2021 PJ1),43.26682193621761,2021 PJ1,NEO Apollo,False,25.78,0.023959588308770985,N,14
5731,289,2462479.110604726,2029-Dec-08 14:39,0.0988390655751992,0.0988387293714282,0.0988394017799477,18.1818754511681,18.1803927188415,< 00:01,15.47,  5731 Zeus (1988 VP4),38.465436396661154,5731,NEO Apollo,False,15.47,5.231,N,3
2021 PD24,11,2462491.066031837,2029-Dec-20 13:35,0.0359592383275355,0.0359568907708962,0.0359615859682096,7.30898901591496,7.29884415568405,00:01,20.24,       (2021 PD24),13.99434309410618,2021 PD24,NEO Apollo,False,20.24,0.30724112836184736,Y,2
139047,110,2462183.535953217,2029-Feb-16 00:52,0.177058157153487,0.177058007639101,0.177058306668184,25.0748523983356,25.0742522436112,< 00:01,17.40,139047 (2001 EB16),68.90614801812146,139047,NEO Amor,False,17.4,1.1362642725569725,N,12
435548,112,2462139.322647952,2029-Jan-02 19:45,0.0316701931436864,0.0316688983271256,0.0316714879709353,10.0206585535891,10.0122591696559,< 00:01,18.88,435548 (2008 QT3),12.325165084767024,435548,NEO Apollo,False,18.88,0.5747504916123446,Y,42
2018 BY6,10,2462332.832277198,2029-Jul-15 07:58,0.0128948231783294,0.0128939128003359,0.012895733759975,8.45084234916566,8.42635585495806,< 00:01,23.45,       (2018 BY6),5.01830928819181,2018 BY6,NEO Apollo,False,23.45,0.07006148712524023,N,10
2001 BE16,25,2462342.829281727,2029-Jul-25 07:54,0.0726445484294103,0.0726417524135641,0.0726473446216589,23.2203240068108,23.2187443751664,< 00:01,20.07,       (2001 BE16),28.271253283446686,2001 BE16,NEO Apollo,False,20.07,0.3322609874455894,N,2
2025 MN88,10,2462344.275305720,2029-Jul-26 18:36,0.0507535711293978,0.049478240576299,0.0520289649362756,6.77905216773208,6.77130353545748,20:40,26.26,       (2025 MN88),19.751889101945654,2025 MN88,NEO Apollo,False,26.26,0.019207876354941596,N,2
2025 OM4,7,2462344.670883198,2029-Jul-27 04:06,0.0431149076239013,0.0370154403091429,0.0494076054011435,6.26790622220792,6.25803878453488,1_05:01,25.20,       (2025 OM4),16.779132090168527,2025 OM4,NEO Aten,False,25.2,0.031295316740540716,N,7
469737,75,2462302.939443537,2029-Jun-15 10:33,0.0734289662935813,0.0734280035318386,0.073429929070847,13.2353130886824,13.2325711627984,< 00:01,20.39,469737 (2005 NW44),28.576527066510913,469737,NEO Aten,False,20.39,0.28673410442541425,N,2
223456,350,2462303.564038032,2029-Jun-16 01:32,0.131895574574288,0.131895515846728,0.131895633301862,6.84352912997879,6.84057659053919,< 00:01,18.29,223456 (2003 UB10),51.33011735049608,223456,NEO Amor,False,18.29,0.7541875370549558,N,27
535844,166,2462197.965212911,2029-Mar-02 11:10,0.0252759924863388,0.0252758451997493,0.025276139777424,8.34351472300051,8.3308707284991,< 00:01,21.89,535844 (2015 BY310),9.836718666730382,535844,NEO Apollo,False,21.89,0.14370747258356684,Y,16
2025 OD1,3,2462203.566040889,2029-Mar-08 01:35,0.126795751071967,0.108570790170033,0.145494940916363,15.5098713245167,15.5085163896091,21:14,25.06,       (2025 OD1),49.34540679681853,2025 OD1,NEO Apollo,False,25.06,0.033379463448133126,N,4
2025 JL,6,2462259.112139273,2029-May-02 14:41,0.196646947610582,0.193560899074119,0.207945138291265,4.00581770835239,4.00243380899302,1_05:02,24.17,       (2025 JL),76.52956461994714,2025 JL,NEO Amor,False,24.17,0.050289735496479325,N,253
2025 PN7,8,2462282.954420249,2029-May-26 10:54,0.094811768507381,0.0948116335834234,0.0948119034313331,2.70761016678741,2.69721099441976,< 00:01,26.41,       (2025 PN7),36.89812352992062,2025 PN7,NEO Apollo,False,26.41,0.017925833217426104,N,2
2025 MK90,3,2462467.875980687,2029-Nov-27 09:01,0.0377508249000778,0.0347650831067339,0.0407374391058019,9.69775847537435,9.69047770045731,05:19,25.38,       (2025 MK90),14.691579140948472,2025 MK90,NEO Apollo,False,25.38,0.028805760891710587,N,2
2021 UT1,11,2462439.355517965,2029-Oct-29 20:32,0.136762493150821,0.136761647802761,0.136763338498997,13.4805696962475,13.4791243883249,< 00:01,25.05,       (2021 UT1),53.22418773515514,2021 UT1,NEO Amor,False,25.05,0.03353353605101504,N,6
2012 QG49,22,2462394.397059873,2029-Sep-14 21:32,0.0925762396999767,0.0925752673469167,0.0925772120807536,11.8671429864243,11.8647174319609,< 00:01,22.64,       (2012 QG49),36.02811741792748,2012 QG49,NEO Apollo,False,22.64,0.10173709940003514,N,10
2025 QL7,8,2462397.810183641,2029-Sep-18 07:27,0.110448258027399,0.0815348178432736,0.139757729526539,7.73562591158901,7.73250669454477,2_21:59,24.12,       (2025 QL7),42.983413689222076,2025 QL7,NEO Apollo,False,24.12,0.051461133917200065,N,5
152664,153,2462409.516056170,2029-Sep-30 00:23,0.0261444180671943,0.0261443398624601,0.026144496272202,18.5849629521162,18.5794784682512,< 00:01,19.70,152664 (1998 FW4),10.17468593454329,152664,NEO Apollo,False,19.7,0.39398469514814133,Y,27
154269,91,2462601.711651012,2030-Apr-10 05:05,0.0562320536521221,0.0562309789770423,0.0562331283292188,11.1487915269226,11.1445406021294,< 00:01,17.87,154269 (2002 SM),21.88396329550165,154269,NEO Apollo,False,17.87,0.9151227486221243,Y,4
2021 VU12,14,2462614.083523402,2030-Apr-22 14:00,0.158404080591927,0.158402306974947,0.158405854227131,9.89078754701182,9.88908675009423,< 00:01,24.27,       (2021 VU12),61.646496266646594,2021 VU12,NEO Apollo,False,24.27,0.04802632455211684,N,7
141354,221,2462615.090991721,2030-Apr-23 14:11,0.122767613435038,0.122767434041459,0.122767792828667,8.09587656359017,8.09319531804646,< 00:01,17.36,141354 (2002 AJ29),47.7777668037795,141354,NEO Amor,False,17.36,1.157389002580107,N,7
2015 LA2,24,2462716.183544613,2030-Aug-02 16:24,0.132589052035957,0.132588017908576,0.132590086163578,9.59740150191406,9.59530739712196,< 00:01,23.01,       (2015 LA2),51.59999963883128,2015 LA2,NEO Aten,False,23.01,0.08579843207816866,N,16
2012 KA4,31,2462718.248599919,2030-Aug-04 17:58,0.13340792757281,0.13340534581695,0.133410509402061,28.3934685779771,28.3927651532202,< 00:01,21.16,       (2012 KA4),51.91868339708308,2012 KA4,NEO Apollo,False,21.16,0.20113115678691218,Y,3
2018 PD22,5,2462721.712919123,2030-Aug-08 05:07,0.192775178292217,0.192774362384511,0.192775994200646,11.1720273702465,11.1707901321024,< 00:01,23.81,       (2018 PD22),75.02277886077984,2018 PD22,NEO Aten,False,23.81,0.05935801256796196,N,8
2025 QU2,8,2462740.917386396,2030-Aug-27 10:01,0.156193439051802,0.155985219162639,0.156478592756343,16.4548417560593,16.4538050168088,01:44,22.43,       (2025 QU2),60.78617559219829,2025 QU2,NEO Aten,False,22.43,0.11206741422786119,N,4
217628,91,2462844.636676676,2030-Dec-09 03:17,0.125623178447014,0.125622188848441,0.125624168047151,14.6601305691663,14.6586837102914,< 00:01,16.68,217628 Lugh (1990 HA),48.88907389379974,217628,NEO Apollo,False,16.68,1.4,Y,26
837449,29,2462863.583527098,2030-Dec-28 02:00,0.0961229077985957,0.0961218640814608,0.0961239515174627,8.93620259060573,8.93310011877856,< 00:01,18.36,837449 (2013 NJ10),37.408382755054745,837449,NEO Apollo,False,18.36,0.7302630915985243,Y,19
2025 MA90,14,2462533.873483390,2030-Feb-01 08:58,0.112147105064036,0.112137160092249,0.112157051273291,7.51833729135373,7.515176514878,00:03,23.06,       (2025 MA90),43.64455806827025,2025 MA90,NEO Apollo,False,23.06,0.08384542132643547,N,2
2003 BR47,34,2462538.058505806,2030-Feb-05 13:24,0.0956800664825017,0.0956765904435391,0.0956835425219319,15.1822116922915,15.1803773428039,< 00:01,21.53,       (2003 BR47),37.23604113710342,2003 BR47,NEO Apollo,False,21.53,0.16962089538773914,Y,3
2016 FH60,5,2462514.140319529,2030-Jan-12 15:22,0.114427835396821,0.114427284410547,0.114428386383979,8.78752939344648,8.7848791890063,< 00:01,23.14,       (2016 FH60),44.53215536639455,2016 FH60,NEO Apollo,False,23.14,0.08081265057239873,N,4
337866,155,2462519.157724687,2030-Jan-17 15:47,0.0671943172297027,0.0671941365884247,0.0671944978726422,6.83897190760806,6.83317130373433,< 00:01,18.80,337866 (2001 WL15),26.150173725081707,337866,NEO Amor,False,18.8,0.5963199670531791,N,12
437844,80,2462694.379306175,2030-Jul-11 21:06,0.0168408909000734,0.0168407530968518,0.0168410287038177,15.3405546705465,15.3302376975425,< 00:01,21.01,437844 (1999 MN),6.554009935343092,437844,NEO Aten,False,21.01,0.21551591738194834,Y,2
674942,160,2462574.017219409,2030-Mar-13 12:25,0.187197742631274,0.187197562470765,0.187197922791889,12.295066129645,12.2939084155315,< 00:01,19.72,674942 (2015 TX143),72.8521948369027,674942,NEO Apollo,False,19.72,0.39037262175161697,N,20
154330,160,2462580.639474311,2030-Mar-20 03:21,0.143462022415053,0.143461828945689,0.143462215885045,8.61657833285718,8.6144226002161,< 00:01,18.19,154330 (2002 VX94),55.83145962002358,154330,NEO Apollo,False,18.19,0.7897313006344391,Y,11
2022 KU8,9,2462624.967209809,2030-May-03 11:13,0.0886227773892393,0.0886216572702885,0.0886238975367888,25.247780950646,25.2465901089601,< 00:01,20.26,       (2022 KU8),34.48953900082815,2022 KU8,NEO Apollo,False,20.26,0.3044243247658174,N,2
523585,131,2462626.073546348,2030-May-04 13:46,0.190471608997788,0.190470455862809,0.190472762134186,15.8587986971337,15.8579165847919,< 00:01,18.68,523585 (1998 MW5),74.12629326913141,523585,NEO Apollo,False,18.68,0.6302013822755124,N,5
2025 PN7,8,2462628.642714190,2030-May-07 03:26,0.108908882227361,0.108908783401919,0.108908981052846,3.16388631171251,3.15614419208884,< 00:01,26.41,       (2025 PN7),42.38433111410535,2025 PN7,NEO Apollo,False,26.41,0.017925833217426104,N,2
2006 SP19,17,2462799.392800841,2030-Oct-24 21:26,0.0466658300659747,0.046665088266197,0.0466665719137389,7.47404581247434,7.46640253322557,< 00:01,24.22,       (2006 SP19),18.16105310034979,2006 SP19,NEO Aten,False,24.22,0.049145001359182365,N,2
2025 PN7,8,2462760.957617230,2030-Sep-16 10:59,0.10398067733559,0.103980569327032,0.103980785344161,2.88216952918064,2.87326498704365,< 00:01,26.41,       (2025 PN7),40.466409787037506,2025 PN7,NEO Apollo,False,26.41,0.017925833217426104,N,2
2025 PN7,8,2462976.245000858,2031-Apr-19 17:53,0.116256041919539,0.116255844866445,0.116256238972804,3.43629884809849,3.42962266890527,< 00:01,26.41,       (2025 PN7),45.24364288714683,2025 PN7,NEO Apollo,False,26.41,0.017925833217426104,N,2
2021 VU12,14,2462985.756407517,2031-Apr-29 06:09,0.127369797898112,0.127368180253418,0.12737141556848,9.89253390483363,9.890419029485,< 00:01,24.27,       (2021 VU12),49.568809978053444,2021 VU12,NEO Apollo,False,24.27,0.04802632455211684,N,7
2021 NX,11,2463087.085808564,2031-Aug-08 14:04,0.0772382050093755,0.0772381002689287,0.0772383097506608,3.94591220735305,3.93716005896578,< 00:01,25.34,       (2021 NX),30.05897764098141,2021 NX,NEO Amor,False,25.34,0.029341299970642484,N,32
2022 ER2,25,2463087.320469912,2031-Aug-08 19:41,0.195695036057014,0.195693426919987,0.195696645195309,19.8753182723665,19.8746332165787,< 00:01,22.12,       (2022 ER2),76.15910691573949,2022 ER2,NEO Apollo,False,22.12,0.12926452403671213,N,4
2025 MN88,10,2463095.981576554,2031-Aug-17 11:33,0.0601206110777344,0.0585952641883376,0.0616581948173865,6.71894731128062,6.71234796268564,4_09:41,26.26,       (2025 MN88),23.397282522663446,2025 MN88,NEO Apollo,False,26.26,0.019207876354941596,N,2
2021 RN1,17,2463105.191336675,2031-Aug-26 16:36,0.19409766365978,0.194096924126534,0.194098403193025,20.7202498956031,20.71958736796,< 00:01,22.30,       (2021 RN1),75.53745366568081,2021 RN1,NEO Amor,False,22.3,0.11898147579246932,N,3
2025 OR4,15,2463212.733302016,2031-Dec-12 05:36,0.119890298053787,0.116753407082034,0.123030744841519,7.78896623448843,7.78611240471531,04:45,26.36,       (2025 OR4),46.65799507034036,2025 OR4,NEO Apollo,False,26.36,0.018343379512185686,N,4
2014 WD7,18,2463222.439606974,2031-Dec-21 22:33,0.168838213432376,0.168837103784144,0.168839323080723,17.2683141669241,17.267400257491,< 00:01,21.73,       (2014 WD7),65.70717278956703,2014 WD7,NEO Apollo,False,21.73,0.15469609517487293,Y,16
451157,67,2463228.018605389,2031-Dec-27 12:27,0.112696127193393,0.112695055850172,0.11269719853933,9.28300622860057,9.28045896251909,< 00:01,21.13,451157 (2009 SQ104),43.858222328188546,451157,NEO Apollo,False,21.13,0.2039291698926396,Y,2
895358,33,2463229.813495498,2031-Dec-29 07:31,0.054378133521928,0.0543761415229909,0.0543801256610809,11.9249640789222,11.9208544196001,< 00:01,18.09,895358 (2020 EN),21.162468748406656,895358,NEO Apollo,False,18.09,0.8269501901836894,Y,42
446862,34,2463231.976901100,2031-Dec-31 11:27,0.124111941549467,0.124111033917646,0.124112849181866,10.2815109857333,10.279422719096,< 00:01,20.53,446862 (2001 VB76),48.300942202908196,446862,NEO Apollo,False,20.53,0.26883100239918656,Y,10
2025 MA90,14,2462914.007244863,2031-Feb-16 12:10,0.180270876601282,0.180242972750519,0.180298780626618,15.1704425534018,15.1694682314611,00:03,23.06,       (2025 MA90),70.15644975721928,2025 MA90,NEO Apollo,False,23.06,0.08384542132643547,N,2
535844,166,2462923.489399808,2031-Feb-25 23:45,0.0525091608655927,0.0525081318117564,0.0525101899231808,9.41167474337429,9.4062816887915,< 00:01,21.89,535844 (2015 BY310),20.435116173582202,535844,NEO Apollo,False,21.89,0.14370747258356684,Y,16
2025 XP2,5,2462872.146134161,2031-Jan-05 15:30,0.145188518388587,0.140553037829155,0.149879254433766,7.40462593511062,7.40214708846404,05:59,27.76,       (2025 XP2),56.503364202210655,2025 XP2,NEO Aten,False,27.76,0.009626742414187877,N,3
836356,50,2462894.755688140,2031-Jan-28 06:08,0.121870643432155,0.121866194480854,0.121875092388652,15.6759159781356,15.6745212176123,< 00:01,21.88,836356 (2012 OQ),47.428690834730006,836356,NEO Apollo,False,21.88,0.14437079613845102,Y,13
2020 BA5,16,2463049.016300335,2031-Jul-01 12:23,0.149914641070876,0.149913510590376,0.14991577156064,3.34333631461233,3.33801604149653,00:01,24.32,       (2020 BA5),58.3426407107496,2020 BA5,NEO Amor,False,24.32,0.046933111938032505,N,7
2022 OE5,13,2463074.219657889,2031-Jul-26 17:16,0.0979926979442061,0.0979923558158363,0.0979930400734338,9.49401111683423,9.49114671181721,< 00:01,23.76,       (2022 OE5),38.13605347414264,2022 OE5,NEO Amor,False,23.76,0.06074063829650825,N,4
437844,80,2463019.536283993,2031-Jun-02 00:52,0.0597489786430054,0.0597483174886484,0.0597496397974745,17.1320224088498,17.129419216653,< 00:01,21.01,437844 (1999 MN),23.252653435998024,437844,NEO Aten,False,21.01,0.21551591738194834,Y,2
2001 UX4,51,2463030.674278428,2031-Jun-13 04:11,0.179613097014064,0.179611881106867,0.179614312926121,22.0250672515911,22.0243937110323,< 00:01,19.36,       (2001 UX4),69.90046009637099,2001 UX4,NEO Apollo,False,19.36,0.4607648610469008,N,2
747011,68,2463037.449971275,2031-Jun-19 22:48,0.177531427331497,0.177530756987712,0.177532097675937,13.7980896607476,13.7970018952778,< 00:01,20.24,747011 (2012 PG6),69.09033170930405,747011,NEO Aten,False,20.24,0.30724112836184736,N,37
2025 MT347,2,2463037.999605983,2031-Jun-20 11:59,0.163677353988698,0.150402249208532,0.177518474438121,3.59985454221708,3.59532961244692,1_17:49,25.13,       (2025 MT347),63.698708732084924,2025 MT347,NEO Amor,True,25.13,0.03232059531070905,N,19
189008,126,2462933.711069891,2031-Mar-08 05:04,0.0939379730635325,0.093937438767456,0.0939385073685424,24.5225963089188,24.5214396242867,< 00:01,16.38,189008 (1996 FR3),36.55806645963727,189008,NEO Apollo,False,16.38,1.817520639796511,N,37
2025 NQ,3,2462940.359227330,2031-Mar-14 20:37,0.107130338115439,0.0867256529829803,0.127800335311853,8.73400381634503,8.73115570266209,7_06:30,24.52,       (2025 NQ),41.69217083296892,2025 NQ,NEO Apollo,False,24.52,0.04280350681218988,N,15
2025 JD1,5,2462945.450697880,2031-Mar-19 22:49,0.195223263476434,0.184279578041804,0.206192922660299,10.9318985030736,10.9306499414008,1_01:26,25.00,       (2025 JD1),75.97550604814346,2025 JD1,NEO Amor,False,25.0,0.034314632447397714,N,3
2011 GG60,20,2462954.458895166,2031-Mar-28 23:01,0.150448030472306,0.150443636462431,0.1504524244829,15.9743965358134,15.9732878296529,< 00:01,22.16,       (2011 GG60),58.55022114441679,2011 GG60,NEO Apollo,False,22.16,0.12690518057849945,N,8
2021 TA8,21,2462994.818497937,2031-May-08 07:39,0.0876280100210679,0.0876263529591581,0.0876296670829777,15.7766752651437,15.7747478269934,< 00:01,21.32,       (2021 TA8),34.10240299638304,2021 TA8,NEO Apollo,False,21.32,0.18684408398920668,Y,30
503941,110,2463176.048638710,2031-Nov-05 13:10,0.157507554829008,0.157507456369894,0.157507653288126,21.0547146528872,21.0539111824648,< 00:01,19.62,503941 (2003 UV11),61.29759318353021,503941,NEO Apollo,False,19.62,0.26,Y,5
876653,49,2463179.448230133,2031-Nov-08 22:45,0.132664244362644,0.13266201149012,0.132666477259073,24.5967987426667,24.5959821845683,< 00:01,20.89,876653 (2008 UX),51.62926241709476,876653,NEO Aten,False,20.89,0.2277609950034873,N,2
2002 HP11,26,2463141.087617645,2031-Oct-01 14:06,0.157562431657468,0.157559649798876,0.157565213516939,19.2931380812425,19.2922615514637,< 00:01,20.46,       (2002 HP11),61.318949730584706,2002 HP11,NEO Apollo,False,20.46,0.27763828395002915,Y,3
2025 PN7,8,2463142.180523678,2031-Oct-02 16:20,0.10959210094281,0.109591867354549,0.109592334531128,3.01332752097156,3.00524830228693,< 00:01,26.41,       (2025 PN7),42.65022098154969,2025 PN7,NEO Apollo,False,26.41,0.017925833217426104,N,2
190135,104,2463165.598413799,2031-Oct-26 02:22,0.0825921086266693,0.0825917450237776,0.0825924722322606,20.2571234062511,20.2555307828178,< 00:01,17.36,190135 (2005 QE30),32.14256916288005,190135,NEO Apollo,False,17.36,1.157389002580107,N,13
2021 PD24,11,2463166.051961507,2031-Oct-26 13:15,0.171485559746204,0.17148138392945,0.171489735583273,11.5193427696413,11.5179938610253,< 00:01,20.24,       (2021 PD24),66.7374469090346,2021 PD24,NEO Apollo,False,20.24,0.30724112836184736,Y,2
2019 NH6,8,2463168.208217501,2031-Oct-28 17:00,0.120475326409626,0.120474304385387,0.120476348465045,1.21240174825191,1.19402061062699,00:02,24.63,       (2019 NH6),46.885671959845624,2019 NH6,NEO Amor,False,24.63,0.04068921876096698,N,8
477719,39,2463137.308511998,2031-Sep-27 19:24,0.144708477600767,0.144707844905336,0.144709110296264,6.86014450164263,6.85745996026777,< 00:01,25.26,477719 (2010 SG15),56.31654557655656,477719,NEO Amor,False,25.26,0.030442432476581734,N,8
2025 PN7,8,2463324.630335199,2032-Apr-02 03:08,0.117485105869145,0.117484788044931,0.117485423693645,3.53197976170718,3.52555278612047,< 00:01,26.41,       (2025 PN7),45.72196065457887,2025 PN7,NEO Apollo,False,26.41,0.017925833217426104,N,2
2011 GG60,20,2463329.029022072,2032-Apr-06 12:42,0.157192370955508,0.157187735938012,0.157197005973101,24.926004334484,24.9253242949667,< 00:01,22.16,       (2011 GG60),61.17493231893368,2011 GG60,NEO Apollo,False,22.16,0.12690518057849945,N,8
2025 DZ52,8,2463347.907753925,2032-Apr-25 09:47,0.104961941836954,0.102181386719241,0.107748148513941,6.52620508401366,6.52231419122413,19:00,23.40,       (2025 DZ52),40.84829084839579,2025 DZ52,NEO Amor,False,23.4,0.07169342880402657,N,2
826775,12,2463350.024618817,2032-Apr-27 12:35,0.181650392944986,0.181650138097348,0.181650647794018,11.0506807677284,11.0493533333315,< 00:01,20.60,826775 (2022 SZ28),70.69331944399842,826775,NEO Apollo,False,20.6,0.26030310669964696,N,15
2018 RW1,18,2463465.818787185,2032-Aug-21 07:39,0.158113204917795,0.158110549619518,0.158115860216089,7.08894255527978,7.08656497278954,< 00:01,23.41,       (2018 RW1),61.5332954823459,2018 RW1,NEO Aten,False,23.41,0.07136402742003393,N,6
2025 QS4,4,2463471.786087439,2032-Aug-27 06:52,0.169176531981945,0.110326583031205,0.228060983922571,13.9982655729276,13.9971404098699,3_05:13,25.25,       (2025 QS4),65.83883703158027,2025 QS4,NEO Apollo,False,25.25,0.030582948360457888,N,9
2025 PX,13,2463568.908715837,2032-Dec-02 09:49,0.117539884744019,0.117487049817998,0.117592735791509,5.15139792189179,5.14699554103433,02:04,24.18,       (2025 PX),45.74327908080117,2025 PX,NEO Apollo,False,24.18,0.05005867515037093,N,8
2025 VZ19,10,2463573.646911803,2032-Dec-07 03:32,0.122358078886035,0.112943742157185,0.134203918996211,6.71451489452243,6.71127097563323,3_19:30,22.25,       (2025 VZ19),47.61838726032433,2025 VZ19,NEO Amor,False,22.25,0.12175291038965598,N,2
35670,27,2463587.804086294,2032-Dec-21 07:18,0.123794605467914,0.12379413237646,0.123795078566384,11.2235131307207,11.2215952617826,< 00:01,19.57, 35670 (1998 SU27),48.17744375833765,35670,NEO Apollo,False,19.57,0.41829180044307535,N,4
612227,258,2463270.863345817,2032-Feb-08 08:43,0.103542680073959,0.103542536272723,0.103542823875296,4.58495046205264,4.5793344974006,< 00:01,20.16,612227 (2001 QC34),40.295953341388895,612227,NEO Apollo,False,20.16,0.31877140118340613,Y,7
366774,161,2463234.231284292,2032-Jan-02 17:33,0.192865125664251,0.192864445365506,0.192865805963019,13.2614373072954,13.2603955054681,< 00:01,17.87,366774 (2004 TB18),75.05778389545804,366774,NEO Apollo,False,17.87,0.859,Y,10
523804,101,2463236.894087462,2032-Jan-05 09:27,0.129972971910011,0.129972699767805,0.129973244052262,11.3676392815146,11.3658357510773,< 00:01,20.31,523804 (2000 YF29),50.58189345675103,523804,NEO Apollo,False,20.31,0.29749478112549727,Y,22
2016 FH60,5,2463243.948345552,2032-Jan-12 10:46,0.116576518098384,0.116575995841586,0.116577040356069,8.78605919924934,8.78345741392424,< 00:01,23.14,       (2016 FH60),45.36836337091778,2016 FH60,NEO Apollo,False,23.14,0.08081265057239873,N,4
7341,469,2463248.218838457,2032-Jan-16 17:15,0.0730760412132425,0.0730760249582675,0.0730760574682257,8.68620403559475,8.68200536025859,< 00:01,16.96,  7341 (1991 VK),28.439178365857426,7341,NEO Apollo,False,16.96,0.982,Y,5
422699,109,2463248.249361567,2032-Jan-16 17:59,0.115127008471993,0.115125953424138,0.115128063520207,17.6226066303408,17.621293278239,< 00:01,18.28,422699 (2000 PD3),44.80425423030808,422699,NEO Apollo,False,18.28,0.619,Y,8
52387,199,2463255.043993189,2032-Jan-23 13:03,0.173992323308603,0.173992204776325,0.173992441840911,13.377065941082,13.3759211137594,< 00:01,17.75, 52387 Huitzilopochtli (1993 OM7),67.71301010168301,52387,NEO Amor,False,17.75,0.89,N,12
526238,91,2463256.899220816,2032-Jan-25 09:35,0.189344271145252,0.189343806181349,0.189344736109382,3.48704049108061,3.4830025988841,< 00:01,19.55,526238 (2005 YY36),73.6875644910727,526238,NEO Amor,False,19.55,0.4221622068193863,N,18
2018 LU15,21,2463434.658519460,2032-Jul-21 03:48,0.0945995479118247,0.09459919818759,0.0945998976363928,6.41710717189823,6.41271648362513,< 00:01,23.57,       (2018 LU15),36.815533131347685,2018 LU15,NEO Amor,False,23.57,0.06629478269845322,N,11
2018 PD22,5,2463406.198512664,2032-Jun-22 16:46,0.175206102377804,0.175203128913111,0.175209075848563,19.4603560066523,19.4595745208944,< 00:01,23.81,       (2018 PD22),68.18537941551902,2018 PD22,NEO Aten,False,23.81,0.05935801256796196,N,8
85585,33,2463293.212882709,2032-Mar-01 17:07,0.0424611729076501,0.0424597247514957,0.0424626210777288,8.12905342279674,8.12133041021237,< 00:01,21.62, 85585 Mjolnir (1998 FG2),16.52471658146344,85585,NEO Apollo,False,21.62,0.16273439415329505,Y,10
613995,26,2463300.134910035,2032-Mar-08 15:14,0.191217460651329,0.191216800072429,0.19121812123023,6.29710278597489,6.29488958754215,< 00:01,22.85,613995 (2008 NP3),74.41655814743298,613995,NEO Apollo,False,22.85,0.193,N,51
2025 OP4,3,2463312.701862144,2032-Mar-21 04:51,0.19814111015021,0.189126824568148,0.209940572451497,2.20744672627899,2.20134647067345,8_10:04,23.91,       (2025 OP4),77.11105144198318,2025 OP4,NEO Amor,False,23.91,0.05668646192337083,N,15
2013 PN43,46,2463317.525584319,2032-Mar-26 00:37,0.123481267018384,0.123479943431483,0.123482590645694,13.6765261783123,13.6749483471426,< 00:01,20.70,       (2013 PN43),48.055501081817155,2013 PN43,NEO Apollo,False,20.7,0.24858753701650987,N,26
2021 VU12,14,2463356.733428765,2032-May-04 05:36,0.102758184241248,0.102756916684533,0.102759451831148,9.99531884300171,9.99272433119083,< 00:01,24.27,       (2021 VU12),39.9906492151208,2021 VU12,NEO Apollo,False,24.27,0.04802632455211684,N,7
2025 OE342,4,2463375.427425650,2032-May-22 22:15,0.0946325588660746,0.0610803695238574,0.131180991756805,9.15740807550702,9.15433288423922,22:20,25.54,       (2025 OE342),36.82838008365043,2025 OE342,NEO Aten,True,25.54,0.026759583614019183,N,15
2025 UU9,5,2463557.960139748,2032-Nov-21 11:03,0.169871215142592,0.155697671665254,0.184213492252671,8.74501666436304,8.74322285425751,02:09,27.04,       (2025 UU9),66.10918854468082,2025 UU9,NEO Aten,False,27.04,0.013411561684527963,N,2
2022 KU8,9,2463512.392182920,2032-Oct-06 21:25,0.112586438631315,0.112585873331649,0.112587003931352,23.8392292160402,23.8382364586956,< 00:01,20.26,       (2022 KU8),43.81553456719548,2022 KU8,NEO Apollo,False,20.26,0.3044243247658174,N,2
2025 PN7,8,2463523.103882813,2032-Oct-17 14:30,0.108236607213727,0.108236227820261,0.108236986607242,2.98704657040428,2.97879386107483,< 00:01,26.41,       (2025 PN7),42.122700233364895,2025 PN7,NEO Apollo,False,26.41,0.017925833217426104,N,2
408752,109,2463529.416319604,2032-Oct-23 22:00,0.177845557324791,0.177843958859837,0.177847155811279,22.3385939173267,22.3379232301199,< 00:01,17.23,408752 (1991 TB2),69.21258243281116,408752,NEO Apollo,False,17.23,1.2287947619899622,N,38
2018 XT6,9,2463486.682775929,2032-Sep-11 04:23,0.148293735976379,0.148293235039026,0.148294236913893,5.67843437893033,5.67526931862031,< 00:01,21.85,       (2018 XT6),57.71182918441073,2018 XT6,NEO Amor,False,21.85,0.14637919397264432,N,14
2021 NX,11,2463817.373563005,2033-Aug-07 20:58,0.0771600831175786,0.0771600085886017,0.0771601576471213,3.96494819368224,3.95622932936504,< 00:01,25.34,       (2021 NX),30.028574756832185,2021 NX,NEO Amor,False,25.34,0.029341299970642484,N,32
2020 YQ3,44,2463829.398609565,2033-Aug-19 21:34,0.0630737164005495,0.0630734622160942,0.0630739706039711,14.5444337437205,14.5415289821639,< 00:01,20.02,       (2020 YQ3),24.546549609582247,2020 YQ3,NEO Apollo,False,20.02,0.34000034006135577,Y,2
332446,157,2463932.836527056,2033-Dec-01 08:05,0.185533638913121,0.185533365119173,0.185533912707069,8.95219503833928,8.95059068849612,< 00:01,19.68,332446 (2008 AF4),72.2045715985045,332446,NEO Apollo,False,19.68,0.3976301906483043,Y,11
162173,270,2463952.745476952,2033-Dec-21 05:53,0.0474442747876762,0.0474437015207895,0.0474448480573434,4.07845861740696,4.06466533925678,< 00:01,19.55,162173 Ryugu (1999 JU3),18.464002301221623,162173,NEO Apollo,False,19.55,0.896,Y,51
2012 XY6,54,2463639.065014426,2033-Feb-10 13:34,0.124956667633377,0.124947840003376,0.124965495377225,9.33852760997899,9.33624397009612,00:02,19.14,       (2012 XY6),48.62968628060811,2012 XY6,NEO Amor,False,19.14,0.5098933540556646,Y,11
2005 SC,21,2463641.747136850,2033-Feb-13 05:56,0.0908712440781019,0.0908704639151013,0.0908720242487991,17.5649789155253,17.5633095213703,< 00:01,20.31,       (2005 SC),35.36458017920366,2005 SC,NEO Apollo,False,20.31,0.29749478112549727,N,22
2025 PX,13,2463647.592364018,2033-Feb-19 02:13,0.18065936809106,0.180457756955752,0.180860985017327,3.03854765631324,3.03368992924812,03:08,24.18,       (2025 PX),70.30763992280548,2025 PX,NEO Apollo,False,24.18,0.05005867515037093,N,8
535844,166,2463647.901632359,2033-Feb-19 09:38,0.114504445891419,0.114502926043662,0.11450596573962,11.3762563157434,11.3742106734817,< 00:01,21.89,535844 (2015 BY310),44.56197005646802,535844,NEO Apollo,False,21.89,0.14370747258356684,Y,16
2025 NQ,3,2463652.262517279,2033-Feb-23 18:18,0.0444701719805514,0.0432296147053227,0.0646402543439227,11.4897905214018,11.4845746121785,3_15:56,24.52,       (2025 NQ),17.306563572933044,2025 NQ,NEO Apollo,False,24.52,0.04280350681218988,N,15
2010 RG31,15,2463655.390708933,2033-Feb-26 21:23,0.0989524232462895,0.0989474685216913,0.0989573780645236,8.52733032300633,8.52417202381415,00:09,22.71,       (2010 RG31),38.50955207361562,2010 RG31,NEO Apollo,False,22.71,0.09850978050930378,N,4
613995,26,2463655.622556267,2033-Feb-27 02:56,0.153263838278992,0.153262967124617,0.153264709433367,6.0467115779457,6.04383579110602,< 00:01,22.85,613995 (2008 NP3),59.646055827423744,613995,NEO Apollo,False,22.85,0.193,N,51
2015 XR128,95,2463601.935881951,2033-Jan-04 10:28,0.151791789964921,0.15178744145816,0.151796139118688,8.92829592402804,8.92632965325885,< 00:01,19.13,       (2015 XR128),59.07317525162924,2015 XR128,NEO Amor,False,19.13,0.47,N,2
491567,222,2463602.911679080,2033-Jan-05 09:53,0.172055946695529,0.172055559313486,0.172056334080516,14.6679020681942,14.6668462471875,< 00:01,18.06,491567 (2012 RG3),66.95942576722256,491567,NEO Apollo,False,18.06,0.8384542132643557,N,5
2025 OC338,4,2463620.200860769,2033-Jan-22 16:49,0.1836593070444,0.106069407854752,0.261317525559701,16.9820483753646,16.9811940559696,3_22:01,27.50,       (2025 OC338),71.47513336613201,2025 OC338,NEO Apollo,True,27.5,0.010851239560529477,N,18
839444,50,2463783.173388514,2033-Jul-04 16:10,0.0187430248374782,0.0187429131939195,0.0187431364830889,18.4928276027291,18.4851387835339,< 00:01,19.86,839444 (2014 QX432),7.294267965519512,839444,NEO Apollo,False,19.86,0.3659985386983635,Y,5
2018 BY6,10,2463785.243342115,2033-Jul-06 17:50,0.13407836771814,0.13406327246308,0.134093462980714,11.9409267787198,11.9392624240651,00:01,23.45,       (2018 BY6),52.17960019772137,2018 BY6,NEO Apollo,False,23.45,0.07006148712524023,N,10
2025 NE,10,2463803.028417767,2033-Jul-24 12:41,0.19243903154822,0.189996082477587,0.194902460892436,9.84730930395694,9.84590315080833,01:14,22.66,       (2025 NE),74.8919598255541,2025 NE,NEO Amor,False,22.66,0.10080436806628573,N,5
474611,56,2463804.452916671,2033-Jul-25 22:52,0.176082452962108,0.176081147863734,0.176083758061303,9.4305496748727,9.4289449661192,< 00:01,19.26,474611 (2004 SB56),68.52643087594663,474611,NEO Aten,False,19.26,0.4824800399409153,N,3
2025 OM4,7,2463806.541449263,2033-Jul-28 01:00,0.0476515823998343,0.0388451175452002,0.0568051651216483,6.19316934353645,6.18413411823779,1_22:49,25.20,       (2025 OM4),18.544680702252684,2025 OM4,NEO Aten,False,25.2,0.031295316740540716,N,7
2025 XY2,10,2463767.263857911,2033-Jun-18 18:20,0.0384891602571557,0.0367017084805965,0.0404175059916579,9.1849801018955,9.17744005588269,06:05,23.59,       (2025 XY2),14.978918884113874,2025 XY2,NEO Apollo,False,23.59,0.06568698847735188,N,2
172678,87,2463772.504745319,2033-Jun-24 00:07,0.0167873189706672,0.0167870892364643,0.0167875487073846,17.5541777588337,17.5451337201177,< 00:01,18.88,172678 (2003 YM137),6.533161218985562,172678,NEO Apollo,False,18.88,0.5747504916123446,Y,36
419472,84,2463664.634544438,2033-Mar-08 03:14,0.16699476757503,0.166993570127312,0.166995965027162,13.7649546375117,13.7637954518633,< 00:01,19.97,419472 (2010 DW1),64.98975454037807,419472,NEO Apollo,False,19.97,0.459,Y,4
837449,29,2463665.109594253,2033-Mar-08 14:38,0.121826142926653,0.121825396064455,0.121826889796205,10.6515358638695,10.6494823317756,< 00:01,18.36,837449 (2013 NJ10),47.41137246618772,837449,NEO Apollo,False,18.36,0.7302630915985243,Y,19
2025 PN7,8,2463673.038506955,2033-Mar-16 12:55,0.112789913641691,0.112789466025384,0.11279036125837,3.42519538153415,3.41829147901582,< 00:01,26.41,       (2025 PN7),43.894721425391474,2025 PN7,NEO Apollo,False,26.41,0.017925833217426104,N,2
2025 JL,6,2463720.120033889,2033-May-02 14:53,0.199805456144198,0.193377087929225,0.239418565777253,3.95597072853736,3.9525983439408,1_19:42,24.17,       (2025 JL),77.75876896744963,2025 JL,NEO Amor,False,24.17,0.050289735496479325,N,253
2021 VU12,14,2463727.284261415,2033-May-09 18:49,0.0903174474031938,0.0903167403382811,0.0903181544894279,10.2289456558345,10.2260611523411,< 00:01,24.27,       (2021 VU12),35.149057797932734,2021 VU12,NEO Apollo,False,24.27,0.04802632455211684,N,7
2025 PN7,8,2463904.815065559,2033-Nov-03 07:34,0.0998239445315569,0.0998233981647038,0.09982449089841,2.79689392918061,2.78733422460029,< 00:01,26.41,       (2025 PN7),38.848724104145234,2025 PN7,NEO Apollo,False,26.41,0.017925833217426104,N,2
2021 PJ1,13,2463875.685064104,2033-Oct-05 04:26,0.177461346996277,0.177460742436585,0.177461951556998,7.91622745907188,7.91433056816428,00:01,25.78,       (2021 PJ1),69.06305837703029,2021 PJ1,NEO Apollo,False,25.78,0.023959588308770985,N,14
152664,153,2463882.035413171,2033-Oct-11 12:51,0.0733149082192065,0.0733147854550681,0.073315030983349,15.2618411894901,15.2594597090612,< 00:01,19.70,152664 (1998 FW4),28.53213881192901,152664,NEO Apollo,False,19.7,0.39398469514814133,Y,27
474554,77,2463897.220965554,2033-Oct-26 17:18,0.16335851104261,0.163357447295564,0.163359574806007,11.8283504097017,11.8269713860151,< 00:01,17.54,474554 (2003 YQ94),63.574623857426324,474554,NEO Apollo,False,17.54,1.0653182117766895,N,4
2021 UT1,11,2463901.404370581,2033-Oct-30 21:42,0.191666966947794,0.191664587534831,0.191669346368079,13.8495255473919,13.8485217503083,< 00:01,25.05,       (2021 UT1),74.59149359179347,2021 UT1,NEO Amor,False,25.05,0.03353353605101504,N,6
2025 MN88,10,2463845.857330649,2033-Sep-05 08:35,0.0427535435940975,0.0306517817500614,0.0556926484056027,6.92941147700306,6.92041181905738,7_09:40,26.26,       (2025 MN88),16.638499183295448,2025 MN88,NEO Apollo,False,26.26,0.019207876354941596,N,2
2025 OE342,4,2463853.209992466,2033-Sep-12 17:02,0.0929847954934988,0.0573463682405979,0.130055126992679,9.28271059354189,9.2796231584561,1_00:21,25.54,       (2025 OE342),36.187116056762804,2025 OE342,NEO Aten,True,25.54,0.026759583614019183,N,15
2013 JL22,24,2463862.608464604,2033-Sep-22 02:36,0.132827091916036,0.132825361141515,0.132828822692512,14.7678162298745,14.7664578245112,< 00:01,21.16,       (2013 JL22),51.69263819033682,2013 JL22,NEO Apollo,False,21.16,0.20113115678691218,Y,5
301011,146,2464058.649961153,2034-Apr-06 03:36,0.0931487265919979,0.0931485495780345,0.0931489036083017,15.5313422729037,15.5295004316503,< 00:01,18.41,301011 (2008 JO),36.25091351585507,301011,NEO Apollo,False,18.41,0.7136402742003402,N,10
2022 OE5,13,2464177.705723591,2034-Aug-03 04:56,0.157392435138584,0.157391515943743,0.157393354336807,11.707215602815,11.7057694915504,< 00:01,23.76,       (2022 OE5),61.25279177728221,2022 OE5,NEO Amor,False,23.76,0.06074063829650825,N,4
2016 QF84,18,2464177.706808402,2034-Aug-03 04:58,0.104422227127984,0.104421937444442,0.104422516811538,6.45060113785325,6.44664426188195,< 00:01,23.34,       (2016 QF84),40.63824877961042,2016 QF84,NEO Amor,False,23.34,0.0737020132791092,N,5
2025 PO,17,2464200.634449917,2034-Aug-26 03:14,0.186166081613285,0.185999765637376,0.186333001411129,10.2504853285222,10.2490889699607,00:43,22.16,       (2025 PO),72.45070084220099,2025 PO,NEO Amor,False,22.16,0.12690518057849945,N,21
2025 OX10,11,2464204.787797404,2034-Aug-30 06:54,0.191587038491718,0.191483823725159,0.191704600455945,0.315850623578351,0.268229003003796,08:22,23.73,       (2025 OX10),74.56038764268737,2025 OX10,NEO Amor,False,23.73,0.06158562474574313,N,7
85585,33,2464312.180129262,2034-Dec-15 16:19,0.157171021727471,0.157170769101531,0.15717127435368,7.48999950398598,7.48773577868161,< 00:01,21.62, 85585 Mjolnir (1998 FG2),61.166623788613244,85585,NEO Apollo,False,21.62,0.16273439415329505,Y,10
491567,222,2464316.691112387,2034-Dec-20 04:35,0.137365368163886,0.13736523824344,0.137365498086619,16.1403386144984,16.1391367967045,< 00:01,18.06,491567 (2012 RG3),53.458810051090985,491567,NEO Apollo,False,18.06,0.8384542132643557,N,5
381564,110,2463996.536867423,2034-Feb-03 00:53,0.146320205273207,0.146319647000394,0.146320763629726,5.86635906562203,5.86325411741302,< 00:01,18.25,381564 (2008 UW5),56.943785503524616,381564,NEO Amor,False,18.25,0.768208930221923,N,9
2015 XT128,36,2464002.464320931,2034-Feb-08 23:09,0.0813061333097966,0.0813056897439158,0.0813065768771656,9.36047912573285,9.35697747996679,< 00:01,22.10,       (2015 XT128),31.642103062042533,2015 XT128,NEO Apollo,False,22.1,0.1304605939513808,N,6
2017 ED4,19,2464005.657767809,2034-Feb-12 03:47,0.173393778195331,0.173387139791856,0.173400416622422,16.7479127675668,16.7469952169033,< 00:01,19.54,       (2017 ED4),67.48007286324281,2017 ED4,NEO Amor,False,19.54,0.42411081902952935,Y,5
2025 OC17,2,2464012.789876133,2034-Feb-19 06:57,0.157039782627299,0.154341849156942,0.159836793885262,9.02521725682872,9.02333711658737,1_03:36,23.12,       (2025 OC17),61.11554915298164,2025 OC17,NEO Apollo,False,23.12,0.08156040082169996,N,7
613995,26,2464014.994598607,2034-Feb-21 11:52,0.112037265894927,0.112036269153726,0.112038262636389,6.70289238331496,6.69934341112634,< 00:01,22.85,613995 (2008 NP3),43.60181169517742,613995,NEO Apollo,False,22.85,0.193,N,51
2025 PN7,8,2464020.601204998,2034-Feb-27 02:26,0.101975886725811,0.101975289202222,0.101976484249835,3.09843786667704,3.08999355451513,< 00:01,26.41,       (2025 PN7),39.686200613262926,2025 PN7,NEO Apollo,False,26.41,0.017925833217426104,N,2
2025 VD24,25,2463964.651093466,2034-Jan-02 03:38,0.0654282804962823,0.0654277093187172,0.0654288516961401,2.94460541325667,2.93074285991663,< 00:01,21.79,       (2025 VD24),25.462880970458627,2025 VD24,NEO Amor,False,21.79,0.15048019711049496,N,4
2016 JW5,33,2463969.954932590,2034-Jan-07 10:55,0.19421375018016,0.19421297567379,0.194214524687148,18.6883531122102,18.6876189874344,< 00:01,22.01,       (2016 JW5),75.58263133546349,2016 JW5,NEO Apollo,False,22.01,0.13598135092452682,Y,2
2016 FH60,5,2463971.904594422,2034-Jan-09 09:43,0.121119758625316,0.121119297485531,0.121120219765954,8.80291824743131,8.80041886708899,< 00:01,23.14,       (2016 FH60),47.13646719207821,2016 FH60,NEO Apollo,False,23.14,0.08081265057239873,N,4
847431,72,2464150.578318729,2034-Jul-07 01:53,0.173096212282921,0.173095311282795,0.173097113283253,10.3617270938652,10.3602414189918,< 00:01,21.51,847431 (1994 CJ1),67.36426842285266,847431,NEO Apollo,False,21.51,0.17119037820898694,Y,18
2016 LT,23,2464154.566736279,2034-Jul-11 01:36,0.0925364633937308,0.0925361503068377,0.0925367764809185,7.51007371586389,7.50623870887629,< 00:01,21.53,       (2016 LT),36.012637577349345,2016 LT,NEO Apollo,False,21.53,0.16962089538773914,N,2
363790,172,2464155.812553050,2034-Jul-12 07:30,0.129772263882053,0.129772124392895,0.129772403371306,14.3428146027492,14.3413830156845,< 00:01,17.85,363790 (2005 JE46),50.50378343174434,363790,NEO Apollo,False,17.85,0.9235902751613072,Y,221
5143,867,2464162.071419503,2034-Jul-18 13:43,0.167466836339262,0.167466592851126,0.167467079827446,30.2874583650211,30.2869330443662,< 00:01,14.04,  5143 Heracles (1991 VL),65.1734706744769,5143,NEO Apollo,False,14.04,4.843,N,4
2025 OS4,3,2464173.851877569,2034-Jul-30 08:27,0.169725112498552,0.168735918090944,0.309226303392173,14.1406821865873,14.1395719566361,3_10:56,24.14,       (2025 OS4),66.05232942800464,2025 OS4,NEO Amor,False,24.14,0.05098933540556645,N,7
482505,91,2464121.429290979,2034-Jun-07 22:18,0.096626650668525,0.0966261408279287,0.0966271605176073,13.6570446743765,13.655025421045,< 00:01,19.54,482505 (2012 TQ78),37.604425576896226,482505,NEO Apollo,False,19.54,0.42411081902952935,N,2
2025 MT347,2,2464134.347467996,2034-Jun-20 20:20,0.175764125203763,0.113126687930058,0.246270445805416,3.8206279640293,3.81665812354599,2_12:25,25.13,       (2025 MT347),68.40254649813859,2025 MT347,NEO Amor,True,25.13,0.03232059531070905,N,19
2021 TA8,21,2464088.091516454,2034-May-05 14:12,0.0434584965535612,0.0434564801554516,0.0434605129517597,14.9253407597276,14.9212323553757,< 00:01,21.32,       (2021 TA8),16.912847418652433,2021 TA8,NEO Apollo,False,21.32,0.18684408398920668,Y,30
2021 VU12,14,2464097.534899937,2034-May-15 00:50,0.0958684689352951,0.0958677407327738,0.0958691971583393,10.5860166328957,10.5833908557847,< 00:01,24.27,       (2021 VU12),37.30936217188582,2021 VU12,NEO Apollo,False,24.27,0.04802632455211684,N,7
2025 PN7,8,2464288.910543674,2034-Nov-22 09:51,0.0837900138617803,0.0837892678300758,0.0837907598933514,2.41039170122354,2.39716273585119,< 00:01,26.41,       (2025 PN7),32.60876081860076,2025 PN7,NEO Apollo,False,26.41,0.017925833217426104,N,2
474231,88,2464250.550030519,2034-Oct-15 01:12,0.182047094199956,0.182045243082063,0.182048945321781,18.4154757797498,18.4146809849189,< 00:01,20.02,474231 (2001 HZ7),70.84770462361057,474231,NEO Apollo,False,20.02,0.34000034006135577,Y,21
267729,145,2464259.020082686,2034-Oct-23 12:29,0.0371088953377268,0.0371087000261025,0.0371090906559766,15.5258546746989,15.5212293363302,< 00:01,18.46,267729 (2003 FC5),14.441757872323036,267729,NEO Apollo,False,18.46,0.6973958383216827,Y,4
895358,33,2464264.377094979,2034-Oct-28 21:03,0.14012026826335,0.140119694657854,0.140120841869833,8.98999769595933,8.98788224522093,00:02,18.09,895358 (2020 EN),54.530941135479516,895358,NEO Apollo,False,18.09,0.8269501901836894,Y,42
477719,39,2464226.761862309,2034-Sep-21 06:17,0.192913384610091,0.192912283797389,0.192914485422825,8.64472544658716,8.64312758583302,< 00:01,25.26,477719 (2010 SG15),75.07656494524817,477719,NEO Amor,False,25.26,0.030442432476581734,N,8
2002 HP11,26,2464228.123467580,2034-Sep-22 14:58,0.0153874598812373,0.0153867673108483,0.0153881525266281,23.7619543958572,23.7546660348745,< 00:01,20.46,       (2002 HP11),5.988374697022884,2002 HP11,NEO Apollo,False,20.46,0.27763828395002915,Y,3
488615,39,2464228.135813355,2034-Sep-22 15:16,0.182528325187601,0.182527508577868,0.182529141808995,4.08540780977553,4.08183313351955,< 00:01,21.64,488615 (2002 SR),71.03498644218743,488615,NEO Apollo,False,21.64,0.16124243625985538,N,3
2013 PN43,46,2464424.154653365,2035-Apr-06 15:43,0.160606382412045,0.160603631672379,0.160609133170052,19.4780955471187,19.477243796298,< 00:01,20.70,       (2013 PN43),62.50357135224166,2013 PN43,NEO Apollo,False,20.7,0.24858753701650987,N,26
2002 VU114,20,2464446.491784630,2035-Apr-28 23:48,0.03572704422161,0.0357262883259078,0.035727800256271,7.82547605597397,7.81593999109931,< 00:01,22.95,       (2002 VU114),13.903979556559767,2002 VU114,NEO Apollo,False,22.95,0.08820218653005472,N,6
2013 JL22,24,2464448.154315711,2035-Apr-30 15:42,0.0237242318524242,0.0237214164122454,0.0237270472962887,17.795139069388,17.7888266499914,< 00:01,21.16,       (2013 JL22),9.232816256086165,2013 JL22,NEO Apollo,False,21.16,0.20113115678691218,Y,5
2021 NX,11,2464547.307064666,2035-Aug-07 19:22,0.0779201767728523,0.0779199749778268,0.0779203785833226,3.98820834094397,3.97962508274073,< 00:01,25.34,       (2021 NX),30.324382229133626,2021 NX,NEO Amor,False,25.34,0.029341299970642484,N,32
2015 NU13,92,2464554.803953243,2035-Aug-15 07:18,0.0852350849521602,0.0852336233781954,0.0852365465265804,17.9128814047168,17.911136186793,< 00:01,19.46,       (2015 NU13),33.171142603497046,2015 NU13,NEO Apollo,False,19.46,0.4400270261989869,Y,22
2016 CL264,35,2464558.529101042,2035-Aug-19 00:42,0.138835521804183,0.138824805675527,0.138846237943682,27.1419915981426,27.1412845064982,< 00:01,19.29,       (2016 CL264),54.030953272145,2016 CL264,NEO Apollo,False,19.29,0.47586016562025246,Y,8
2014 YD,41,2464566.662116144,2035-Aug-27 03:53,0.152878145502065,0.152877844449235,0.152878446559231,3.12896586807473,3.12339076110269,00:04,24.29,       (2014 YD),59.49595484363561,2014 YD,NEO Apollo,False,24.29,0.04758601656202525,N,37
2025 QU2,8,2464568.648205696,2035-Aug-29 03:33,0.156288495317715,0.156119806611074,0.156744491535405,16.3638799891033,16.3628381206534,03:39,22.43,       (2025 QU2),60.82316886737043,2025 QU2,NEO Aten,False,22.43,0.11206741422786119,N,4
2018 PD22,5,2464570.252104549,2035-Aug-30 18:03,0.0402529401945303,0.0402525047502018,0.0402533758008755,13.9579646372931,13.9532214917455,< 00:01,23.81,       (2018 PD22),15.665333356002744,2018 PD22,NEO Aten,False,23.81,0.05935801256796196,N,8
747011,68,2464571.499091983,2035-Aug-31 23:59,0.134122197419943,0.13412069640644,0.134123698436876,14.393541488564,14.3921612159966,< 00:01,20.24,747011 (2012 PG6),52.19665750797797,747011,NEO Aten,False,20.24,0.30724112836184736,N,37
2025 PN7,8,2464689.396956042,2035-Dec-27 21:32,0.058550141216711,0.0585491368849605,0.0585511455498061,1.83125843547022,1.80623701582545,00:03,26.41,       (2025 PN7),22.786098997196905,2025 PN7,NEO Apollo,False,26.41,0.017925833217426104,N,2
2025 PN7,8,2464365.392109228,2035-Feb-06 21:25,0.0843715276669505,0.0843707385124302,0.0843723168220463,2.54874693875728,2.53632614814881,< 00:01,26.41,       (2025 PN7),32.83506994198615,2025 PN7,NEO Apollo,False,26.41,0.017925833217426104,N,2
488615,39,2464368.465518249,2035-Feb-09 23:10,0.0514221540458388,0.0514220000684117,0.0514223080419732,5.42941404637134,5.41986211213964,< 00:01,21.64,488615 (2002 SR),20.012083120359243,488615,NEO Apollo,False,21.64,0.16124243625985538,N,3
535844,166,2464373.059444812,2035-Feb-14 13:26,0.187303208443658,0.187301445490342,0.18730497139706,13.5930963236206,13.5920497604088,< 00:01,21.89,535844 (2015 BY310),72.89323922026134,535844,NEO Apollo,False,21.89,0.14370747258356684,Y,16
2025 NQ,3,2464373.075337423,2035-Feb-14 13:48,0.146182736733864,0.087672702361505,0.207298649809423,15.4000803420619,15.3988967283933,3_19:06,24.52,       (2025 NQ),56.89028654209811,2025 NQ,NEO Apollo,False,24.52,0.04280350681218988,N,15
2025 NH3,27,2464376.441935455,2035-Feb-17 22:36,0.195421561177053,0.192099646252835,0.198757997040408,18.5977274940977,18.596994351323,07:31,20.00,       (2025 NH3),76.05267804027405,2025 NH3,NEO Apollo,False,20.0,0.34314632447397714,Y,20
613995,26,2464379.338795000,2035-Feb-20 20:08,0.0720016661890605,0.0720006406136802,0.0720026917662375,7.83022354492456,7.82549609681608,< 00:01,22.85,613995 (2008 NP3),28.021061258837708,613995,NEO Apollo,False,22.85,0.193,N,51
2022 QD2,15,2464379.912742219,2035-Feb-21 09:54,0.0903747346704161,0.0903730335402992,0.0903764358608232,6.6069245128261,6.6024606307393,< 00:01,20.98,       (2022 QD2),35.1713524212262,2022 QD2,NEO Amor,False,20.98,0.21851404244104308,N,2
793349,52,2464358.305615760,2035-Jan-30 19:20,0.132215311569454,0.132214659522145,0.132215963619957,16.7002665569105,16.699059791392,< 00:01,19.81,793349 (2003 AY2),51.45455016438039,793349,NEO Apollo,False,19.81,0.37452373983503195,Y,3
253841,131,2464517.928552554,2035-Jul-09 10:17,0.130977586852982,0.13097700957187,0.130978164154092,16.4388275793178,16.4375900346611,< 00:01,17.26,253841 (2003 YG118),50.97286186551837,253841,NEO Apollo,False,17.26,1.211935065801785,Y,2
437844,80,2464521.333497435,2035-Jul-12 20:00,0.100267541719781,0.100266511411025,0.100268572028691,18.4568306064378,18.4553907744982,< 00:01,21.01,437844 (1999 MN),39.02135988666778,437844,NEO Aten,False,21.01,0.21551591738194834,Y,2
2025 OS12,9,2464533.525989634,2035-Jul-25 00:37,0.18565133300838,0.178025262375355,0.193297090281013,12.4789958651934,12.477845714731,16:02,22.15,       (2025 OS12),72.25037489206157,2025 OS12,NEO Amor,False,22.15,0.12749094827729188,N,9
2025 HZ6,8,2464480.037450333,2035-Jun-01 12:54,0.176692146237292,0.0961356580051771,0.258861213387785,9.68151720044013,9.67995949036543,9_03:39,24.73,       (2025 HZ6),68.76370667131744,2025 HZ6,NEO Amor,False,24.73,0.038857902247727824,N,113
162120,73,2464483.283543261,2035-Jun-04 18:48,0.0643246931673183,0.0643236080987827,0.0643257782385597,15.9256536811101,15.9230524865619,< 00:01,20.64,162120 (1998 SH36),25.03339524066762,162120,NEO Apollo,False,20.64,0.25555203956408995,Y,14
2021 VU12,14,2464467.715315551,2035-May-20 05:10,0.118956681747726,0.118955327792992,0.118958035729088,11.1161189577241,11.1141037969689,< 00:01,24.27,       (2021 VU12),46.294657371519726,2021 VU12,NEO Apollo,False,24.27,0.04802632455211684,N,7
2014 WO7,46,2464475.331916632,2035-May-27 19:58,0.18650589939295,0.186501907456519,0.186509891338678,17.9384805605555,17.9376841375991,< 00:01,20.49,       (2014 WO7),72.58294854318936,2014 WO7,NEO Apollo,False,20.49,0.2738289438857671,N,2
2016 SD,60,2464635.214687028,2035-Nov-03 17:09,0.0932758351423909,0.0932722571331362,0.093279414864818,15.8539875407856,15.8521856462063,00:02,18.88,       (2016 SD),36.30038065551448,2016 SD,NEO Apollo,False,18.88,1.246,N,2
301011,146,2464647.248176890,2035-Nov-15 17:57,0.191337083413548,0.191336452789108,0.19133771403925,11.2410682964134,11.2398294155253,< 00:01,18.41,301011 (2008 JO),74.46311202494032,301011,NEO Apollo,False,18.41,0.7136402742003402,N,10
2025 QK9,4,2464609.511314304,2035-Oct-09 00:16,0.0251865603184376,0.0237179512149948,0.0268687742776814,8.00570982654502,7.99248461825239,4_15:50,24.10,       (2025 QK9),9.801914135281207,2025 QK9,NEO Apollo,False,24.1,0.05193729792671286,N,4
359170,26,2464573.646961804,2035-Sep-03 03:32,0.0391743866293024,0.0391673002795341,0.0391814768424032,13.3950617471283,13.3899831031475,00:02,19.95,359170 (2009 CN5),15.245590076134302,359170,NEO Apollo,False,19.95,0.3511392291611188,Y,3
2025 MN88,10,2464588.308264645,2035-Sep-17 19:24,0.0192695167282026,0.0182519172231307,0.0360319685306048,7.69187237196589,7.67387463703782,6_04:11,26.26,       (2025 MN88),7.499164078389066,2025 MN88,NEO Apollo,False,26.26,0.019207876354941596,N,2
2009 UY87,28,2464790.228306836,2036-Apr-06 17:29,0.0956163517788181,0.0955049203813049,0.0957279675612868,16.3600080438754,16.3583046335135,00:25,19.48,       (2009 UY87),37.2112451329343,2009 UY87,NEO Apollo,False,19.48,0.43599283417412343,N,2
2025 ML2,21,2464795.837334350,2036-Apr-12 08:06,0.127713915839157,0.111231519306004,0.144195768910117,10.8987032003026,10.8967887792792,1_11:42,25.48,       (2025 ML2),49.70273118316789,2025 ML2,NEO Apollo,False,25.48,0.027509288086289805,N,37
2001 BE16,25,2464907.800918375,2036-Aug-02 07:13,0.140078368335395,0.140075252881239,0.140081483837413,25.7624835009588,25.761745155209,< 00:01,20.07,       (2001 BE16),54.514634839943454,2001 BE16,NEO Apollo,False,20.07,0.3322609874455894,N,2
469737,75,2464925.168318267,2036-Aug-19 16:02,0.0892334147820899,0.0892301432614136,0.0892366863945044,13.7512493276358,13.7490777418987,< 00:01,20.39,469737 (2005 NW44),34.72718222073747,469737,NEO Aten,False,20.39,0.28673410442541425,N,2
480823,47,2464925.236167171,2036-Aug-19 17:40,0.144765309573306,0.144764727024963,0.144765892136568,19.0283644540337,19.0273971624009,< 00:01,20.20,480823 (1998 YW5),56.33866301172527,480823,NEO Apollo,False,20.2,0.3129531674054072,N,4
2025 PR,9,2464930.892911244,2036-Aug-25 09:26,0.141660268148483,0.134273159854581,0.149058423354062,5.26477421877752,5.26120040454304,00:20,25.98,       (2025 PR),55.13026658729068,2025 PR,NEO Amor,False,25.98,0.02185140424410431,N,5
491567,222,2465034.782460322,2036-Dec-07 06:47,0.198434840331044,0.198434081312773,0.198435599352349,19.3591973184229,19.3585037091917,< 00:01,18.06,491567 (2012 RG3),77.22536312150886,491567,NEO Apollo,False,18.06,0.8384542132643557,N,5
512244,64,2465037.874468703,2036-Dec-10 08:59,0.191472888470742,0.191469090351365,0.19147668664406,20.4569804290848,20.4563001756254,< 00:01,17.80,512244 (2015 YE18),74.51596360502599,512244,NEO Apollo,False,17.8,0.9451034563112196,N,2
141P,K202/13,2465042.335690481,2036-Dec-14 20:03,0.127039614931548,0.126486824940382,0.127686537032955,17.8996948946839,17.8985231263021,09:52,,  141P/Machholz 2,49.440311880406355,141P,comet (JFc),False,17.3,1.7417104635809242,,10
2025 PN7,8,2465056.087673979,2036-Dec-28 14:06,0.0345355852890139,0.0345350535070449,0.0345361170716111,2.47262057656733,2.44121877405004,< 00:01,26.41,       (2025 PN7),13.44029662386206,2025 PN7,NEO Apollo,False,26.41,0.017925833217426104,N,2
533722,112,2465057.625018796,2036-Dec-30 03:00,0.150965217968279,0.150964728422676,0.150965707513985,19.3726324741839,19.3717213930965,< 00:01,18.12,533722 (2014 NE52),58.75149624364728,533722,NEO Apollo,False,18.12,0.701,Y,5
2101,53,2464730.755673438,2036-Feb-07 06:08,0.0356981532416134,0.0356951356046158,0.0357011709041831,23.7713765167172,23.7682364349192,< 00:01,18.69,  2101 Adonis (1936 CA),13.892735984526489,2101,NEO Apollo,False,18.69,0.6,Y,6
613995,26,2464745.269635204,2036-Feb-21 18:28,0.0379572429349409,0.0379563794868487,0.0379581063956659,8.95276551532633,8.94492127683284,< 00:01,22.85,613995 (2008 NP3),14.771911343048352,613995,NEO Apollo,False,22.85,0.193,N,51
2022 YB4,25,2464747.554779076,2036-Feb-24 01:19,0.0700505061870736,0.070047788379893,0.0700532241849479,6.79337864603769,6.7877772750274,00:03,21.80,       (2022 YB4),27.26172363742895,2022 YB4,NEO Apollo,False,21.8,0.14978880340791204,Y,4
2016 FH60,5,2464698.900555653,2036-Jan-06 09:37,0.128319722312879,0.128319334359381,0.128320110267209,8.8561483729063,8.85380343383981,< 00:01,23.14,       (2016 FH60),49.9384943426841,2016 FH60,NEO Apollo,False,23.14,0.08081265057239873,N,4
2025 OK10,3,2464898.355454485,2036-Jul-23 20:32,0.154507097288401,0.139064782636807,0.180444069521444,9.69309142242166,9.69131215398006,09:12,23.87,       (2025 OK10),60.12989792035221,2025 OK10,NEO Amor,False,23.87,0.05774034193440313,N,10
2025 OU12,2,2464848.309285414,2036-Jun-03 19:25,0.170670844041731,0.149778684085867,0.191634677942997,9.87549268286901,9.87391169326574,12:44,28.61,       (2025 OU12),66.4203820427351,2025 OU12,NEO Aten,False,28.61,0.006508476654716344,N,4
437844,80,2464848.490639093,2036-Jun-03 23:47,0.0317477514434074,0.0317467963281891,0.0317487065595948,14.4277087995728,14.4218905868701,< 00:01,21.01,437844 (1999 MN),12.355348634435261,437844,NEO Aten,False,21.01,0.21551591738194834,Y,2
2014 HQ124,66,2464849.233490614,2036-Jun-04 17:36,0.161794812618701,0.1617943148849,0.16179531035266,16.6984694350501,16.697483192075,< 00:01,18.95,       (2014 HQ124),62.96607558839529,2014 HQ124,NEO Aten,False,18.95,0.325,Y,3
153591,325,2464758.781397366,2036-Mar-06 06:45,0.146223772527847,0.146223692332499,0.146223852723195,9.60627375030981,9.6043766849295,< 00:01,17.11,153591 (2001 SN263),56.906256540542074,153591,NEO Amor,False,17.11,2.0,Y,18
2010 KL66,18,2464823.942845012,2036-May-10 10:38,0.17916963618477,0.179168801983081,0.179170470390594,5.54402488946312,5.541341844966,00:01,19.80,       (2010 KL66),69.72787738098059,2010 KL66,NEO Amor,False,19.8,0.37625246287239056,N,28
469494,94,2464831.110343139,2036-May-17 14:39,0.183829775679514,0.183829524283799,0.183830027075343,9.68785629350026,9.68636004974707,< 00:01,20.09,469494 (2002 XS40),71.54147505404097,469494,NEO Apollo,False,20.09,0.758,N,4
162195,38,2464832.331883764,2036-May-18 19:58,0.136114408947803,0.136110420608586,0.136118397371023,22.6323290103121,22.631464067675,< 00:01,19.50,162195 (1999 RK45),52.97197125024813,162195,NEO Apollo,False,19.5,0.43199562784405665,N,21
387746,130,2464836.895256791,2036-May-23 09:29,0.0498262268906275,0.0498256447667007,0.0498268090148035,8.4040346721184,8.39766919406294,< 00:01,20.13,387746 (2003 MH4),19.39099231860759,387746,NEO Apollo,False,20.13,0.366,Y,5
2025 MT1,7,2464837.575234008,2036-May-24 01:48,0.022081988944151,0.0219821526168738,0.0235812093217783,2.65539362617913,2.60955729621406,2_11:23,26.23,       (2025 MT1),8.59370064154214,2025 MT1,NEO Aten,False,26.23,0.01947508453209764,N,17
2021 VU12,14,2464837.729002702,2036-May-24 05:30,0.153843421430031,0.153841594278056,0.153845248598814,11.800660468376,11.7991927115073,< 00:01,24.27,       (2021 VU12),59.87161359350668,2021 VU12,NEO Apollo,False,24.27,0.04802632455211684,N,7
2025 MT1,7,2465010.492812362,2036-Nov-12 23:50,0.124876759679944,0.122914566153335,0.126962653429935,3.23583192465876,3.22923125561262,5_03:43,26.23,       (2025 MT1),48.59858831056482,2025 MT1,NEO Aten,False,26.23,0.01947508453209764,N,17
2025 UO9,4,2464981.478939065,2036-Oct-14 23:30,0.0902008222085407,0.0400539484521173,0.142422772802201,10.5437361390915,10.5409341590216,18:57,26.88,       (2025 UO9),35.103670490990176,2025 UO9,NEO Aten,False,26.88,0.014437079613845103,N,2
2017 QQ35,14,2464939.491052571,2036-Sep-02 23:47,0.182980542173756,0.182979889397435,0.182981194957441,13.298370275178,13.2972752429362,< 00:01,21.94,       (2017 QQ35),71.21097681216115,2017 QQ35,NEO Aten,False,21.94,0.1404362911381483,N,6
2025 OE13,24,2464943.992219672,2036-Sep-07 11:49,0.146082566387079,0.144799413908034,0.147366095729485,15.0095568953342,15.0083416507982,01:40,21.85,       (2025 OE13),56.85130300779751,2025 OE13,NEO Apollo,False,21.85,0.14637919397264432,N,4
